Reference,Value,Qty,MP,LCSC p/n
J1,USB_C_Receptacle_USB2.0_16P,1,XKB Connection U262-161N-4BS165,C2879826
J15,CONN_2x03,1,XFCN PZ254V-12-6P,C492421
J11,CONN_1x14,1,X6511FV-14-C85D32,C2883731
D3,TVS3V3L4U,1,TVS3V3L4U,C28642315
"SW1,SW2,SW3",TL3342F450QG,3,TL3342F450QG,C318884
U2,STM32L4P5CETx,1,STM32L4P5CET6,C3227057
"D8,D9",SS14,2,SS14-E3/61T,C47460
"R2,R3,R4,R6,R8,R9,R12",5.1k,7,RC0805FR-075K1L,C84375
R15,47k,1,RC0805FR-0747KL,C126351
"R1,R13,R14",10k,3,RC0805FR-0710KL,C84376
R7,1k,1,RC0805FR-071KL,C95781
J16,CONN_2x04,1, PZ254V-12-8P,C492421
J18,Free,1,PZ254V-11-04P,C2691448
J14,UART,1,PZ254V-11-04P,C2691448
D7,PESD5V0L2BT,1,"PESD5V0L2BT,215",C12324
Y1,NX3215SA-32.768KHZ-EXS00A-MU00525,1,NX3215SA 32.768KHZ EXS00A-MU00525,C528987
"D1,D2,D6",LED_GREEN,3,L170B-YGC-GA-TR,C84260
D5,LED_ORANGE,1,L170B-QOC-TR,C965817
D4,LED_RED,1,L170B-EC-TR,C84256
J12,CONN_2x02,1,JST RF-H042TD-1190(LF)(SN) ,C160338
U7,ESP32-S3-MINI-1-N8,1,ESP32-S3-MINI-1-N8,C2913206
J9,CONN_01x02,1,DW254R-11-02-85,C2935896
LS1,CMT-1203-SMT,1,CMT-1203-SMT-TR,
"C7,C10",4.7pF,2,CL21C470JBANNNC,C1820
C4,22pF,1,CL21C220JBANNNC,C1804
"C1,C5,C6,C9,C13,C14",100nF,6,CL21B104KBCNNNC,C1711
"C8,C11,C12,C15,C16",1uF,5,CL21A105KOFNNNE,C24123
"J2,J4",Conn_ARM_JTAG_SWD_10,2,BD125-16-A-0305-0580-L-B,C17283499
Q2,BC847,1,"BC847B,215",C57668
J10,CONN_2x1,1,B2B-EH-A(LF)(SN),C160262
"U1,U3",AP2112K-3.3,2,AP2112K-3.3TRG1,C23380830
U4,24LC512,1,24LC512T-I/SN,C52088
"C2,C3",3.9pF,2,0805CG3R9C500NT,C1813
J13,UART TEST,1,22284020,C234182
"R16,R17,R18,R19",100,4,,
J8,Conn_02x11_Odd_Even,1,,
"J3,J5,J6,J7",Conn_01x07,4,,
"C17,C18,C19,C20",1uF,4,,
